step,split,matmul,mae,rmse,max_abs
0,train,model.layers.0.self_attn.q_proj,0.009510183706879616,0.017182519659399986,0.18505096435546875
0,train,model.layers.0.self_attn.k_proj,0.02633539028465748,0.05572926998138428,0.4443817138671875
0,train,model.layers.0.self_attn.v_proj,0.0005997081170789897,0.0007900064811110497,0.0033607110381126404
0,train,model.layers.0.self_attn.o_proj,0.0004372730036266148,0.0007554772892035544,0.03156992793083191
0,train,model.layers.0.mlp.gate_proj,0.016880691051483154,0.02397569641470909,0.31329214572906494
0,train,model.layers.0.mlp.up_proj,0.009252376854419708,0.012290575541555882,0.10708948969841003
0,train,model.layers.0.mlp.down_proj,0.004956959746778011,0.006856507621705532,0.09364032745361328
0,train,model.layers.1.self_attn.q_proj,0.02339421957731247,0.03354739770293236,0.3139503002166748
0,train,model.layers.1.self_attn.k_proj,0.038503773510456085,0.062057700008153915,0.4895782470703125
0,train,model.layers.1.self_attn.v_proj,0.007778077851980925,0.01021219976246357,0.04190579056739807
0,train,model.layers.1.self_attn.o_proj,0.0030334810726344585,0.004114564508199692,0.043695271015167236
0,train,model.layers.1.mlp.gate_proj,0.022891994565725327,0.030418723821640015,0.3305545449256897
0,train,model.layers.1.mlp.up_proj,0.015241836197674274,0.019781125709414482,0.16561001539230347
0,train,model.layers.1.mlp.down_proj,0.006940778344869614,0.009218977764248848,0.08255910873413086
0,train,model.layers.2.self_attn.q_proj,0.0252744909375906,0.03477414324879646,0.21307384967803955
0,train,model.layers.2.self_attn.k_proj,0.03808829188346863,0.049725718796253204,0.19745635986328125
0,train,model.layers.2.self_attn.v_proj,0.010449173860251904,0.013604707084596157,0.0680282711982727
0,train,model.layers.2.self_attn.o_proj,0.003075474174693227,0.004086275119334459,0.03401297330856323
0,train,model.layers.2.mlp.gate_proj,0.029501980170607567,0.0383794866502285,0.6972637176513672
0,train,model.layers.2.mlp.up_proj,0.020639654248952866,0.027041349560022354,0.9595816135406494
0,train,model.layers.2.mlp.down_proj,0.013889102265238762,0.08381924033164978,6.84503173828125
0,train,model.layers.3.self_attn.q_proj,0.028649479150772095,0.04229047894477844,0.2966766357421875
0,train,model.layers.3.self_attn.k_proj,0.03900652378797531,0.05641340836882591,0.2529270648956299
0,train,model.layers.3.self_attn.v_proj,0.018812138587236404,0.02589435689151287,0.12222594022750854
0,train,model.layers.3.self_attn.o_proj,0.0022933732252568007,0.0035688532516360283,0.027612358331680298
0,train,model.layers.3.mlp.gate_proj,0.03276326134800911,0.043725304305553436,0.26451075077056885
0,train,model.layers.3.mlp.up_proj,0.02459574118256569,0.033273838460445404,0.19351541996002197
0,train,model.layers.3.mlp.down_proj,0.01624012552201748,0.10688566416501999,8.752197265625
0,train,model.layers.4.self_attn.q_proj,0.032936036586761475,0.04723244532942772,0.31156039237976074
0,train,model.layers.4.self_attn.k_proj,0.04173950105905533,0.05884971469640732,0.25493836402893066
0,train,model.layers.4.self_attn.v_proj,0.03226729482412338,0.044752225279808044,0.17500001192092896
0,train,model.layers.4.self_attn.o_proj,0.0038790858816355467,0.005956215318292379,0.054491959512233734
0,train,model.layers.4.mlp.gate_proj,0.040314603596925735,0.05688964203000069,0.6630001068115234
0,train,model.layers.4.mlp.up_proj,0.03094947338104248,0.042939092963933945,0.22954502701759338
0,train,model.layers.4.mlp.down_proj,0.016810456290841103,0.024710841476917267,0.1551225781440735
0,train,model.layers.5.self_attn.q_proj,0.03724740445613861,0.055175695568323135,0.45256924629211426
0,train,model.layers.5.self_attn.k_proj,0.04608164727687836,0.066278375685215,0.3805394172668457
0,train,model.layers.5.self_attn.v_proj,0.03509718179702759,0.05010558292269707,0.29375624656677246
0,train,model.layers.5.self_attn.o_proj,0.0037571084685623646,0.005477960221469402,0.05006289482116699
0,train,model.layers.5.mlp.gate_proj,0.05582638084888458,0.07968735694885254,0.6664950847625732
0,train,model.layers.5.mlp.up_proj,0.0370231457054615,0.052652157843112946,0.31392329931259155
0,train,model.layers.5.mlp.down_proj,0.019373323768377304,0.028099002316594124,0.15948589146137238
0,train,model.layers.6.self_attn.q_proj,0.04083312675356865,0.06412922590970993,0.6148712635040283
0,train,model.layers.6.self_attn.k_proj,0.054009970277547836,0.08067123591899872,0.4513401985168457
0,train,model.layers.6.self_attn.v_proj,0.033093422651290894,0.04876391589641571,0.3041611313819885
0,train,model.layers.6.self_attn.o_proj,0.00412389263510704,0.0059338645078241825,0.10323616862297058
0,train,model.layers.6.mlp.gate_proj,0.04683961346745491,0.06844791769981384,0.47778213024139404
0,train,model.layers.6.mlp.up_proj,0.039730507880449295,0.05774274840950966,0.36399489641189575
0,train,model.layers.6.mlp.down_proj,0.022892089560627937,0.034825608134269714,0.2098340392112732
0,train,model.layers.7.self_attn.q_proj,0.04623812809586525,0.07058173418045044,0.5818805694580078
0,train,model.layers.7.self_attn.k_proj,0.0588119700551033,0.08793559670448303,0.40791255235671997
0,train,model.layers.7.self_attn.v_proj,0.039485517889261246,0.05937312915921211,0.2871145009994507
0,train,model.layers.7.self_attn.o_proj,0.004458879120647907,0.00690938625484705,0.14356690645217896
0,train,model.layers.7.mlp.gate_proj,0.048954520374536514,0.07355941832065582,0.585830807685852
0,train,model.layers.7.mlp.up_proj,0.04412662237882614,0.06686946749687195,0.6833131313323975
0,train,model.layers.7.mlp.down_proj,0.027279075235128403,0.043646059930324554,0.3280637860298157
0,train,model.layers.8.self_attn.q_proj,0.054607730358839035,0.13003531098365784,4.109107971191406
0,train,model.layers.8.self_attn.k_proj,0.07268916070461273,0.115013487637043,0.7085809707641602
0,train,model.layers.8.self_attn.v_proj,0.04535622149705887,0.07257834821939468,0.4136481285095215
0,train,model.layers.8.self_attn.o_proj,0.004595152568072081,0.007520824205130339,0.09857380390167236
0,train,model.layers.8.mlp.gate_proj,0.05212118849158287,0.0819464772939682,0.8342811465263367
0,train,model.layers.8.mlp.up_proj,0.04660855978727341,0.07279565185308456,0.5367830395698547
0,train,model.layers.8.mlp.down_proj,0.028117278590798378,0.04760777950286865,0.3505581021308899
0,train,model.layers.9.self_attn.q_proj,0.06392993777990341,0.10690576583147049,0.9794683456420898
0,train,model.layers.9.self_attn.k_proj,0.08650751411914825,0.14892418682575226,1.232525110244751
0,train,model.layers.9.self_attn.v_proj,0.05822505056858063,0.09166429936885834,0.45700377225875854
0,train,model.layers.9.self_attn.o_proj,0.00280414754524827,0.004324492998421192,0.05441629886627197
0,train,model.layers.9.mlp.gate_proj,0.05645143985748291,0.09090956300497055,0.9042277336120605
0,train,model.layers.9.mlp.up_proj,0.051909130066633224,0.0829472541809082,0.6690365076065063
0,train,model.layers.9.mlp.down_proj,0.027678510174155235,0.04816293716430664,0.7424411773681641
0,train,model.layers.10.self_attn.q_proj,0.058234695345163345,0.09954467415809631,1.2338920831680298
0,train,model.layers.10.self_attn.k_proj,0.07327483594417572,0.1224009245634079,0.7789607048034668
0,train,model.layers.10.self_attn.v_proj,0.0734417736530304,0.11832854151725769,0.6689471006393433
0,train,model.layers.10.self_attn.o_proj,0.004751971457153559,0.0072241285815835,0.10740375518798828
0,train,model.layers.10.mlp.gate_proj,0.05922958627343178,0.09775002300739288,1.1457009315490723
0,train,model.layers.10.mlp.up_proj,0.05218685418367386,0.08394765853881836,0.8609189391136169
0,train,model.layers.10.mlp.down_proj,0.02688702568411827,0.04640590026974678,0.632764458656311
0,train,model.layers.11.self_attn.q_proj,0.07658429443836212,0.13739050924777985,1.3941900730133057
0,train,model.layers.11.self_attn.k_proj,0.09911791235208511,0.18140406906604767,1.4697177410125732
0,train,model.layers.11.self_attn.v_proj,0.06284992396831512,0.1013559103012085,0.4784296452999115
0,train,model.layers.11.self_attn.o_proj,0.0030820206739008427,0.005482291802763939,0.07162044942378998
0,train,model.layers.11.mlp.gate_proj,0.0571049265563488,0.09304311871528625,0.8312658667564392
0,train,model.layers.11.mlp.up_proj,0.056072261184453964,0.09085935354232788,0.8924618363380432
0,train,model.layers.11.mlp.down_proj,0.026721946895122528,0.04409091919660568,0.3735195994377136
0,train,model.layers.12.self_attn.q_proj,0.0737404152750969,0.12876342236995697,1.3845888376235962
0,train,model.layers.12.self_attn.k_proj,0.0738678127527237,0.12507085502147675,0.8385151624679565
0,train,model.layers.12.self_attn.v_proj,0.08122231066226959,0.13076083362102509,0.6420217752456665
0,train,model.layers.12.self_attn.o_proj,0.005052977707237005,0.007194153498858213,0.06490302085876465
0,train,model.layers.12.mlp.gate_proj,0.05708222836256027,0.09526099264621735,1.3308262825012207
0,train,model.layers.12.mlp.up_proj,0.05602452531456947,0.09122956544160843,0.8811662197113037
0,train,model.layers.12.mlp.down_proj,0.02871905267238617,0.0493895597755909,0.44358813762664795
0,train,model.layers.13.self_attn.q_proj,0.08680231124162674,0.1598719358444214,1.5110936164855957
0,train,model.layers.13.self_attn.k_proj,0.088760606944561,0.15109211206436157,1.1366866827011108
0,train,model.layers.13.self_attn.v_proj,0.06849316507577896,0.10937289148569107,0.5361856818199158
0,train,model.layers.13.self_attn.o_proj,0.0028752447105944157,0.004518191795796156,0.06147181987762451
0,train,model.layers.13.mlp.gate_proj,0.05961500480771065,0.09902793169021606,1.019896388053894
0,train,model.layers.13.mlp.up_proj,0.06099163740873337,0.1002223938703537,1.1042871475219727
0,train,model.layers.13.mlp.down_proj,0.030803954228758812,0.05267741158604622,0.7600059509277344
0,train,model.layers.14.self_attn.q_proj,0.08781750500202179,0.15997754037380219,1.8876285552978516
0,train,model.layers.14.self_attn.k_proj,0.0937812328338623,0.16586457192897797,1.629425287246704
0,train,model.layers.14.self_attn.v_proj,0.09102103114128113,0.143890842795372,0.7443415522575378
0,train,model.layers.14.self_attn.o_proj,0.005039901472628117,0.008203783072531223,0.10887956619262695
0,train,model.layers.14.mlp.gate_proj,0.06339718401432037,0.10493198782205582,1.3329079151153564
0,train,model.layers.14.mlp.up_proj,0.06279131025075912,0.10215650498867035,0.8929209113121033
0,train,model.layers.14.mlp.down_proj,0.03494035825133324,0.05969852954149246,0.446370393037796
0,train,model.layers.15.self_attn.q_proj,0.08950254321098328,0.1532566100358963,1.1811082363128662
0,train,model.layers.15.self_attn.k_proj,0.09012092649936676,0.15916532278060913,1.1755785942077637
0,train,model.layers.15.self_attn.v_proj,0.0765400156378746,0.1269611269235611,0.7891053557395935
0,train,model.layers.15.self_attn.o_proj,0.004267930053174496,0.007078133057802916,0.060380905866622925
0,train,model.layers.15.mlp.gate_proj,0.06950514018535614,0.11402138322591782,1.2626771926879883
0,train,model.layers.15.mlp.up_proj,0.06925731897354126,0.11378411948680878,1.0592191219329834
0,train,model.layers.15.mlp.down_proj,0.038873087614774704,0.06569284200668335,0.6957628726959229
0,train,model.layers.16.self_attn.q_proj,0.0975329577922821,0.17524832487106323,1.3953399658203125
0,train,model.layers.16.self_attn.k_proj,0.10108371078968048,0.16789305210113525,1.2480664253234863
0,train,model.layers.16.self_attn.v_proj,0.06551177054643631,0.10441611707210541,0.6518056392669678
0,train,model.layers.16.self_attn.o_proj,0.004104671999812126,0.008938943967223167,0.25347375869750977
0,train,model.layers.16.mlp.gate_proj,0.07471869140863419,0.1185099184513092,1.0813133716583252
0,train,model.layers.16.mlp.up_proj,0.06710115820169449,0.1072993353009224,0.8450421094894409
0,train,model.layers.16.mlp.down_proj,0.0468912273645401,0.07599204778671265,1.0549125671386719
0,train,model.layers.17.self_attn.q_proj,0.09131523966789246,0.15951594710350037,1.6649494171142578
0,train,model.layers.17.self_attn.k_proj,0.09807290136814117,0.17469707131385803,1.112335205078125
0,train,model.layers.17.self_attn.v_proj,0.08466298133134842,0.13741828501224518,0.6943619251251221
0,train,model.layers.17.self_attn.o_proj,0.0051760063506662846,0.008448523469269276,0.07444506883621216
0,train,model.layers.17.mlp.gate_proj,0.09397643059492111,0.15395358204841614,1.4147372245788574
0,train,model.layers.17.mlp.up_proj,0.0800686627626419,0.13160309195518494,1.0187605619430542
0,train,model.layers.17.mlp.down_proj,0.0520724281668663,0.08871946483850479,0.6511995792388916
0,train,model.layers.18.self_attn.q_proj,0.08889172971248627,0.15148566663265228,1.17820405960083
0,train,model.layers.18.self_attn.k_proj,0.08720342814922333,0.1420813351869583,0.7126196622848511
0,train,model.layers.18.self_attn.v_proj,0.08661162853240967,0.13760435581207275,0.7838269472122192
0,train,model.layers.18.self_attn.o_proj,0.004536427557468414,0.007184868212789297,0.09689414501190186
0,train,model.layers.18.mlp.gate_proj,0.0895511731505394,0.1456727385520935,1.4814273118972778
0,train,model.layers.18.mlp.up_proj,0.08307994157075882,0.13436874747276306,0.9972054362297058
0,train,model.layers.18.mlp.down_proj,0.05839253589510918,0.09653614461421967,0.6289936304092407
0,train,model.layers.19.self_attn.q_proj,0.0847310945391655,0.14724457263946533,1.2072515487670898
0,train,model.layers.19.self_attn.k_proj,0.08465264737606049,0.1404111534357071,0.8628607988357544
0,train,model.layers.19.self_attn.v_proj,0.0976862758398056,0.16128982603549957,0.9483099579811096
0,train,model.layers.19.self_attn.o_proj,0.007188639137893915,0.011480149812996387,0.1124153733253479
0,train,model.layers.19.mlp.gate_proj,0.09918002039194107,0.1627429574728012,1.5979366302490234
0,train,model.layers.19.mlp.up_proj,0.09674134850502014,0.1579563021659851,1.207309603691101
0,train,model.layers.19.mlp.down_proj,0.07470216602087021,0.12461124360561371,0.9387693405151367
0,train,model.layers.20.self_attn.q_proj,0.09279786050319672,0.16418513655662537,1.460430383682251
0,train,model.layers.20.self_attn.k_proj,0.09182766079902649,0.1549631655216217,0.7112470865249634
0,train,model.layers.20.self_attn.v_proj,0.11174658685922623,0.17740607261657715,0.7796756625175476
0,train,model.layers.20.self_attn.o_proj,0.008375903591513634,0.011882543563842773,0.15951520204544067
0,train,model.layers.20.mlp.gate_proj,0.10377198457717896,0.16993260383605957,1.867997646331787
0,train,model.layers.20.mlp.up_proj,0.10369942337274551,0.16973955929279327,1.2648899555206299
0,train,model.layers.20.mlp.down_proj,0.08279614895582199,0.14013713598251343,1.1403074264526367
0,train,model.layers.21.self_attn.q_proj,0.08639001101255417,0.1514308899641037,1.2666120529174805
0,train,model.layers.21.self_attn.k_proj,0.0778408795595169,0.1372993141412735,0.8495650291442871
0,train,model.layers.21.self_attn.v_proj,0.19615644216537476,0.3136584162712097,1.8580117225646973
0,train,model.layers.21.self_attn.o_proj,0.01615098863840103,0.028649939224123955,0.6390109062194824
0,train,model.layers.21.mlp.gate_proj,0.10260239243507385,0.1693095862865448,4.885173797607422
0,train,model.layers.21.mlp.up_proj,0.10355133563280106,0.1713310331106186,6.765544891357422
0,train,model.layers.21.mlp.down_proj,0.08905688673257828,0.28064146637916565,20.701416015625
0,train,model.layers.22.self_attn.q_proj,0.09246566891670227,0.15052028000354767,1.2228608131408691
0,train,model.layers.22.self_attn.k_proj,0.08758969604969025,0.14352700114250183,0.8489928245544434
0,train,model.layers.22.self_attn.v_proj,0.15547125041484833,0.2264421135187149,1.053930640220642
0,train,model.layers.22.self_attn.o_proj,0.02268623188138008,0.040879879146814346,1.346879005432129
0,train,model.layers.22.mlp.gate_proj,0.10386727750301361,0.1524685025215149,1.1721155643463135
0,train,model.layers.22.mlp.up_proj,0.1081310361623764,0.16021549701690674,2.003225326538086
0,train,model.layers.22.mlp.down_proj,0.11816797405481339,0.18960130214691162,1.3997509479522705
0,train,model.layers.23.self_attn.q_proj,0.09353926032781601,0.15149074792861938,1.189866304397583
0,train,model.layers.23.self_attn.k_proj,0.0870303213596344,0.14402267336845398,1.09954833984375
0,train,model.layers.23.self_attn.v_proj,0.14716750383377075,0.20864228904247284,0.8322741389274597
0,train,model.layers.23.self_attn.o_proj,0.02634274587035179,0.06187159940600395,3.2163758277893066
0,train,model.layers.23.mlp.gate_proj,0.12528498470783234,0.18632136285305023,1.503868579864502
0,train,model.layers.23.mlp.up_proj,0.12539635598659515,0.1861191987991333,1.7972917556762695
0,train,model.layers.23.mlp.down_proj,0.1903025507926941,0.39947038888931274,7.932823181152344
0,train,lm_head,0.15199396014213562,0.18934375047683716,0.8490171432495117
0,eval,model.layers.0.self_attn.q_proj,0.009787133894860744,0.016930432990193367,0.16754150390625
0,eval,model.layers.0.self_attn.k_proj,0.026409871876239777,0.057437777519226074,0.43695068359375
0,eval,model.layers.0.self_attn.v_proj,0.0006565756630152464,0.0008569404017180204,0.005243659019470215
0,eval,model.layers.0.self_attn.o_proj,0.00034924791543744504,0.00048748537665233016,0.006413668394088745
0,eval,model.layers.0.mlp.gate_proj,0.016147490590810776,0.023175707086920738,0.45088791847229004
0,eval,model.layers.0.mlp.up_proj,0.008710396476089954,0.011432457715272903,0.18740564584732056
0,eval,model.layers.0.mlp.down_proj,0.004917351063340902,0.006636272184550762,0.09364032745361328
0,eval,model.layers.1.self_attn.q_proj,0.021709110587835312,0.03029455989599228,0.2353076934814453
0,eval,model.layers.1.self_attn.k_proj,0.032674483954906464,0.05009261891245842,0.479522705078125
0,eval,model.layers.1.self_attn.v_proj,0.006396475713700056,0.008191974833607674,0.030759304761886597
0,eval,model.layers.1.self_attn.o_proj,0.0030589750967919827,0.004081473685801029,0.043695300817489624
0,eval,model.layers.1.mlp.gate_proj,0.021378500387072563,0.02839806117117405,0.4469335079193115
0,eval,model.layers.1.mlp.up_proj,0.01378375943750143,0.01752367988228798,0.11003383994102478
0,eval,model.layers.1.mlp.down_proj,0.006186776328831911,0.007955964654684067,0.07583451271057129
0,eval,model.layers.2.self_attn.q_proj,0.02342894859611988,0.031846486032009125,0.18651604652404785
0,eval,model.layers.2.self_attn.k_proj,0.034369226545095444,0.046405140310525894,0.19684982299804688
0,eval,model.layers.2.self_attn.v_proj,0.00980941578745842,0.012672861106693745,0.05056029558181763
0,eval,model.layers.2.self_attn.o_proj,0.0034122958313673735,0.004505025688558817,0.03331160545349121
0,eval,model.layers.2.mlp.gate_proj,0.026294974610209465,0.033893514424562454,0.3819541931152344
0,eval,model.layers.2.mlp.up_proj,0.018411096185445786,0.02360559068620205,0.4845461845397949
0,eval,model.layers.2.mlp.down_proj,0.013110310770571232,0.08368047326803207,6.8448486328125
0,eval,model.layers.3.self_attn.q_proj,0.02471415139734745,0.037130311131477356,0.2871466875076294
0,eval,model.layers.3.self_attn.k_proj,0.03545727580785751,0.05000672489404678,0.21857929229736328
0,eval,model.layers.3.self_attn.v_proj,0.01698121428489685,0.02263268269598484,0.07846984267234802
0,eval,model.layers.3.self_attn.o_proj,0.0032862662337720394,0.004582269582897425,0.030577927827835083
0,eval,model.layers.3.mlp.gate_proj,0.029076533392071724,0.03870651498436928,0.24697065353393555
0,eval,model.layers.3.mlp.up_proj,0.02165943756699562,0.0291280597448349,0.2429896593093872
0,eval,model.layers.3.mlp.down_proj,0.014752489514648914,0.10656160861253738,8.751953125
0,eval,model.layers.4.self_attn.q_proj,0.025231439620256424,0.034894801676273346,0.17536985874176025
0,eval,model.layers.4.self_attn.k_proj,0.030620433390140533,0.04221896454691887,0.18019771575927734
0,eval,model.layers.4.self_attn.v_proj,0.023643601685762405,0.03268538787961006,0.18152451515197754
0,eval,model.layers.4.self_attn.o_proj,0.005091819912195206,0.007298670243471861,0.057976484298706055
0,eval,model.layers.4.mlp.gate_proj,0.03019687347114086,0.041538313031196594,0.28751087188720703
0,eval,model.layers.4.mlp.up_proj,0.02264622412621975,0.030410269275307655,0.15455949306488037
0,eval,model.layers.4.mlp.down_proj,0.011444563046097755,0.015358192846179008,0.0735936164855957
0,eval,model.layers.5.self_attn.q_proj,0.027525758370757103,0.03924683481454849,0.3152618408203125
0,eval,model.layers.5.self_attn.k_proj,0.03225942701101303,0.04529497027397156,0.20617318153381348
0,eval,model.layers.5.self_attn.v_proj,0.023974742740392685,0.03219803795218468,0.12298905849456787
0,eval,model.layers.5.self_attn.o_proj,0.0046963379718363285,0.006707277614623308,0.0823204517364502
0,eval,model.layers.5.mlp.gate_proj,0.038887735456228256,0.05311701074242592,0.32016241550445557
0,eval,model.layers.5.mlp.up_proj,0.025301223620772362,0.033926986157894135,0.20010972023010254
0,eval,model.layers.5.mlp.down_proj,0.012523701414465904,0.017074817791581154,0.1367626190185547
0,eval,model.layers.6.self_attn.q_proj,0.02820022962987423,0.040999241173267365,0.3144059181213379
0,eval,model.layers.6.self_attn.k_proj,0.036962129175662994,0.05259783938527107,0.2658552825450897
0,eval,model.layers.6.self_attn.v_proj,0.02025083266198635,0.02797691524028778,0.13354897499084473
0,eval,model.layers.6.self_attn.o_proj,0.004565844777971506,0.00632479228079319,0.06743228435516357
0,eval,model.layers.6.mlp.gate_proj,0.03455647826194763,0.046840447932481766,0.27878737449645996
0,eval,model.layers.6.mlp.up_proj,0.02708423137664795,0.036641981452703476,0.2710762917995453
0,eval,model.layers.6.mlp.down_proj,0.014806460589170456,0.020420897752046585,0.12557744979858398
0,eval,model.layers.7.self_attn.q_proj,0.03080601990222931,0.04299556836485863,0.29324740171432495
0,eval,model.layers.7.self_attn.k_proj,0.03893196955323219,0.05325630307197571,0.279768705368042
0,eval,model.layers.7.self_attn.v_proj,0.025080014020204544,0.03411538898944855,0.12972843647003174
0,eval,model.layers.7.self_attn.o_proj,0.005496224854141474,0.007777872961014509,0.05725288391113281
0,eval,model.layers.7.mlp.gate_proj,0.03219588100910187,0.04430675506591797,0.381040096282959
0,eval,model.layers.7.mlp.up_proj,0.02902703545987606,0.03966258466243744,0.2706807255744934
0,eval,model.layers.7.mlp.down_proj,0.01512185763567686,0.020813975483179092,0.1786380112171173
0,eval,model.layers.8.self_attn.q_proj,0.03286328539252281,0.05775473266839981,1.5881996154785156
0,eval,model.layers.8.self_attn.k_proj,0.04100680351257324,0.06883727759122849,0.564605712890625
0,eval,model.layers.8.self_attn.v_proj,0.024246035143733025,0.032741788774728775,0.13496363162994385
0,eval,model.layers.8.self_attn.o_proj,0.006264117546379566,0.009240271523594856,0.0811706930398941
0,eval,model.layers.8.mlp.gate_proj,0.030720628798007965,0.042069364339113235,0.4696331024169922
0,eval,model.layers.8.mlp.up_proj,0.026105152443051338,0.035270318388938904,0.21544063091278076
0,eval,model.layers.8.mlp.down_proj,0.013531653210520744,0.018704645335674286,0.17831313610076904
0,eval,model.layers.9.self_attn.q_proj,0.0350755974650383,0.05165919288992882,0.3174448013305664
0,eval,model.layers.9.self_attn.k_proj,0.04712507873773575,0.07538838684558868,0.5396534204483032
0,eval,model.layers.9.self_attn.v_proj,0.030292443931102753,0.040856435894966125,0.21484172344207764
0,eval,model.layers.9.self_attn.o_proj,0.0048307254910469055,0.007428325712680817,0.11624997854232788
0,eval,model.layers.9.mlp.gate_proj,0.03049778938293457,0.04157966747879982,0.4011242389678955
0,eval,model.layers.9.mlp.up_proj,0.0280546136200428,0.038250017911195755,0.2202123999595642
0,eval,model.layers.9.mlp.down_proj,0.013569768518209457,0.018914269283413887,0.28707385063171387
0,eval,model.layers.10.self_attn.q_proj,0.03226608783006668,0.04661894217133522,0.3543804883956909
0,eval,model.layers.10.self_attn.k_proj,0.03914932906627655,0.057868506759405136,0.44453930854797363
0,eval,model.layers.10.self_attn.v_proj,0.03629603981971741,0.04864691570401192,0.2074604034423828
0,eval,model.layers.10.self_attn.o_proj,0.006186278536915779,0.00897705927491188,0.12828993797302246
0,eval,model.layers.10.mlp.gate_proj,0.030207643285393715,0.04158831760287285,0.31638574600219727
0,eval,model.layers.10.mlp.up_proj,0.026519780978560448,0.035881463438272476,0.2537938952445984
0,eval,model.layers.10.mlp.down_proj,0.012369529344141483,0.016975002363324165,0.16746866703033447
0,eval,model.layers.11.self_attn.q_proj,0.04005082696676254,0.06146558001637459,0.5441184043884277
0,eval,model.layers.11.self_attn.k_proj,0.053693871945142746,0.0889749675989151,0.5401499271392822
0,eval,model.layers.11.self_attn.v_proj,0.031605564057826996,0.042763661593198776,0.1866125464439392
0,eval,model.layers.11.self_attn.o_proj,0.003814487252384424,0.0058638788759708405,0.07221341133117676
0,eval,model.layers.11.mlp.gate_proj,0.030366314575076103,0.04144440218806267,0.31276679039001465
0,eval,model.layers.11.mlp.up_proj,0.02973448857665062,0.0403241403400898,0.261488676071167
0,eval,model.layers.11.mlp.down_proj,0.013632377609610558,0.01859837770462036,0.13149341940879822
0,eval,model.layers.12.self_attn.q_proj,0.034892212599515915,0.05006943270564079,0.30486881732940674
0,eval,model.layers.12.self_attn.k_proj,0.043781254440546036,0.061744626611471176,0.3012685775756836
0,eval,model.layers.12.self_attn.v_proj,0.041675448417663574,0.05784989148378372,0.24545907974243164
0,eval,model.layers.12.self_attn.o_proj,0.006460410542786121,0.009454270824790001,0.07934510707855225
0,eval,model.layers.12.mlp.gate_proj,0.02943151257932186,0.04053046181797981,0.29913556575775146
0,eval,model.layers.12.mlp.up_proj,0.02892797812819481,0.039264678955078125,0.27071189880371094
0,eval,model.layers.12.mlp.down_proj,0.01304174866527319,0.017867818474769592,0.15076816082000732
0,eval,model.layers.13.self_attn.q_proj,0.04081571102142334,0.06112893298268318,0.455641508102417
0,eval,model.layers.13.self_attn.k_proj,0.046046383678913116,0.06493276357650757,0.24890995025634766
0,eval,model.layers.13.self_attn.v_proj,0.03798427805304527,0.05148494616150856,0.2217651605606079
0,eval,model.layers.13.self_attn.o_proj,0.004630380775779486,0.006764138583093882,0.04158210754394531
0,eval,model.layers.13.mlp.gate_proj,0.029333917424082756,0.04026337340474129,0.3999725580215454
0,eval,model.layers.13.mlp.up_proj,0.030015023425221443,0.04088148847222328,0.3617980480194092
0,eval,model.layers.13.mlp.down_proj,0.013914354145526886,0.019016388803720474,0.24651432037353516
0,eval,model.layers.14.self_attn.q_proj,0.03896578028798103,0.05502520874142647,0.354983925819397
0,eval,model.layers.14.self_attn.k_proj,0.04021962359547615,0.05927228555083275,0.3525533676147461
0,eval,model.layers.14.self_attn.v_proj,0.04502741992473602,0.061853133141994476,0.22983187437057495
0,eval,model.layers.14.self_attn.o_proj,0.009270521812140942,0.013501383364200592,0.09693419933319092
0,eval,model.layers.14.mlp.gate_proj,0.03006080538034439,0.041345857083797455,0.4428997039794922
0,eval,model.layers.14.mlp.up_proj,0.0290206391364336,0.039135999977588654,0.20752626657485962
0,eval,model.layers.14.mlp.down_proj,0.014732038602232933,0.020123984664678574,0.22495365142822266
0,eval,model.layers.15.self_attn.q_proj,0.03972436487674713,0.05699222534894943,0.3417762517929077
0,eval,model.layers.15.self_attn.k_proj,0.045241788029670715,0.06637225300073624,0.41898012161254883
0,eval,model.layers.15.self_attn.v_proj,0.034812383353710175,0.04734089970588684,0.1938246488571167
0,eval,model.layers.15.self_attn.o_proj,0.006193338893353939,0.009309450164437294,0.11645877361297607
0,eval,model.layers.15.mlp.gate_proj,0.03181610628962517,0.04367533326148987,0.3453770875930786
0,eval,model.layers.15.mlp.up_proj,0.032053180038928986,0.043468233197927475,0.3063361644744873
0,eval,model.layers.15.mlp.down_proj,0.018588615581393242,0.02552853897213936,0.12598782777786255
0,eval,model.layers.16.self_attn.q_proj,0.044041190296411514,0.06993900239467621,0.7161884307861328
0,eval,model.layers.16.self_attn.k_proj,0.05223257839679718,0.07727164030075073,0.3784191608428955
0,eval,model.layers.16.self_attn.v_proj,0.031848207116127014,0.043648023158311844,0.2015763521194458
0,eval,model.layers.16.self_attn.o_proj,0.0034938929602503777,0.00543665187433362,0.06592178344726562
0,eval,model.layers.16.mlp.gate_proj,0.03758002072572708,0.05032264068722725,0.42808079719543457
0,eval,model.layers.16.mlp.up_proj,0.032382238656282425,0.043453168123960495,0.26748478412628174
0,eval,model.layers.16.mlp.down_proj,0.02268967591226101,0.030557431280612946,0.2456674575805664
0,eval,model.layers.17.self_attn.q_proj,0.0392918698489666,0.056888703256845474,0.3915446996688843
0,eval,model.layers.17.self_attn.k_proj,0.041477784514427185,0.05905158445239067,0.2695431113243103
0,eval,model.layers.17.self_attn.v_proj,0.03628312796354294,0.048351142555475235,0.17374125123023987
0,eval,model.layers.17.self_attn.o_proj,0.005944180767983198,0.008388503454625607,0.06743687391281128
0,eval,model.layers.17.mlp.gate_proj,0.0421454980969429,0.05726979672908783,0.38117480278015137
0,eval,model.layers.17.mlp.up_proj,0.03529239818453789,0.04739474132657051,0.23002088069915771
0,eval,model.layers.17.mlp.down_proj,0.022181035950779915,0.029932187870144844,0.19200563430786133
0,eval,model.layers.18.self_attn.q_proj,0.04110804945230484,0.05928473174571991,0.40354180335998535
0,eval,model.layers.18.self_attn.k_proj,0.046920664608478546,0.06431587040424347,0.3460715413093567
0,eval,model.layers.18.self_attn.v_proj,0.04168764501810074,0.05603788420557976,0.1843675971031189
0,eval,model.layers.18.self_attn.o_proj,0.008151925168931484,0.011691185645759106,0.11636777222156525
0,eval,model.layers.18.mlp.gate_proj,0.041080292314291,0.05567534640431404,0.32008159160614014
0,eval,model.layers.18.mlp.up_proj,0.03750324621796608,0.05024492368102074,0.2749326229095459
0,eval,model.layers.18.mlp.down_proj,0.02588871493935585,0.03517438471317291,0.24264097213745117
0,eval,model.layers.19.self_attn.q_proj,0.03950921446084976,0.057795196771621704,0.43786197900772095
0,eval,model.layers.19.self_attn.k_proj,0.04569315165281296,0.0628325492143631,0.3304557800292969
0,eval,model.layers.19.self_attn.v_proj,0.0437028743326664,0.05939275398850441,0.2196495532989502
0,eval,model.layers.19.self_attn.o_proj,0.009122033603489399,0.012903953902423382,0.09957455098628998
0,eval,model.layers.19.mlp.gate_proj,0.04624922573566437,0.06218075007200241,0.4121835231781006
0,eval,model.layers.19.mlp.up_proj,0.04293949529528618,0.05752938985824585,0.29321447014808655
0,eval,model.layers.19.mlp.down_proj,0.030917897820472717,0.04207448288798332,0.4803142547607422
0,eval,model.layers.20.self_attn.q_proj,0.042654141783714294,0.06272788345813751,0.4941524863243103
0,eval,model.layers.20.self_attn.k_proj,0.04619318246841431,0.0659528598189354,0.31697773933410645
0,eval,model.layers.20.self_attn.v_proj,0.05061362683773041,0.06794728338718414,0.2705096900463104
0,eval,model.layers.20.self_attn.o_proj,0.01325501874089241,0.018521016463637352,0.10711356997489929
0,eval,model.layers.20.mlp.gate_proj,0.0459660179913044,0.06125226989388466,0.38785266876220703
0,eval,model.layers.20.mlp.up_proj,0.04514443501830101,0.0600474551320076,0.29624390602111816
0,eval,model.layers.20.mlp.down_proj,0.04260159656405449,0.05921424925327301,0.7319819927215576
0,eval,model.layers.21.self_attn.q_proj,0.039414603263139725,0.05739656835794449,0.3910238742828369
0,eval,model.layers.21.self_attn.k_proj,0.04087483510375023,0.05951544642448425,0.3370819091796875
0,eval,model.layers.21.self_attn.v_proj,0.09304294735193253,0.12523798644542694,0.4637928009033203
0,eval,model.layers.21.self_attn.o_proj,0.013082826510071754,0.022333910688757896,0.5120954513549805
0,eval,model.layers.21.mlp.gate_proj,0.05057043209671974,0.06830453127622604,1.3584671020507812
0,eval,model.layers.21.mlp.up_proj,0.050034359097480774,0.06787465512752533,2.2558841705322266
0,eval,model.layers.21.mlp.down_proj,0.061540164053440094,0.25830212235450745,20.701416015625
0,eval,model.layers.22.self_attn.q_proj,0.059399038553237915,0.09555450826883316,1.0754741430282593
0,eval,model.layers.22.self_attn.k_proj,0.0626891627907753,0.09988327324390411,0.7070441246032715
0,eval,model.layers.22.self_attn.v_proj,0.0864764153957367,0.11163725703954697,0.43183302879333496
0,eval,model.layers.22.self_attn.o_proj,0.025439146906137466,0.03901132196187973,1.3467588424682617
0,eval,model.layers.22.mlp.gate_proj,0.07210347801446915,0.10764423757791519,1.1720812320709229
0,eval,model.layers.22.mlp.up_proj,0.07547515630722046,0.1147848442196846,2.0032057762145996
0,eval,model.layers.22.mlp.down_proj,0.09667257219552994,0.15721376240253448,1.393667221069336
0,eval,model.layers.23.self_attn.q_proj,0.05986502766609192,0.09671775251626968,0.9810531139373779
0,eval,model.layers.23.self_attn.k_proj,0.05954572558403015,0.09367834031581879,0.6302002668380737
0,eval,model.layers.23.self_attn.v_proj,0.10101223737001419,0.1343575417995453,0.6531857252120972
0,eval,model.layers.23.self_attn.o_proj,0.028928736224770546,0.06143366917967796,3.216675281524658
0,eval,model.layers.23.mlp.gate_proj,0.08712099492549896,0.13237212598323822,1.5040574073791504
0,eval,model.layers.23.mlp.up_proj,0.08787309378385544,0.13392257690429688,1.6080036163330078
0,eval,model.layers.23.mlp.down_proj,0.13006646931171417,0.28635862469673157,7.936016082763672
0,eval,lm_head,0.19591335952281952,0.25144022703170776,1.239443302154541
